offset,threshold,correct,max_matches,true_positive,true_negative,false_positive,false_negative,accuracy,precision,recall,f1_score,extra_info
100,40,14,10,14,0,364,0,0.037037037037037,0.037037037037037,1,0.0714285714285714,"feature, flann, threshold - orb - 1px_dilated - 0.01"
100,40,14,20,14,0,364,0,0.037037037037037,0.037037037037037,1,0.0714285714285714,"feature, flann, threshold - orb - 1px_dilated - 0.01"
150,22,8,10,8,0,370,0,0.0211640211640212,0.0211640211640212,1,0.0414507772020725,"feature, flann, threshold - orb - 1px_dilated - 0.01"
150,22,8,20,8,0,370,0,0.0211640211640212,0.0211640211640212,1,0.0414507772020725,"feature, flann, threshold - orb - 1px_dilated - 0.01"
150,30,8,10,8,0,370,0,0.0211640211640212,0.0211640211640212,1,0.0414507772020725,"feature, flann, threshold - orb - 1px_dilated - 0.01"
150,30,8,20,8,0,370,0,0.0211640211640212,0.0211640211640212,1,0.0414507772020725,"feature, flann, threshold - orb - 1px_dilated - 0.01"
