offset,threshold,correct,max_matches,true_positive,true_negative,false_positive,false_negative,accuracy,precision,recall,f1_score,extra_info
100,0.9,10,17,16,1,361,0,0.044973544973545,0.0424403183023873,1,0.0814249363867684,"feature, flann, knn - orb - dilated_dilated - 0.01"
100,0.9,20,17,16,1,361,0,0.044973544973545,0.0424403183023873,1,0.0814249363867684,"feature, flann, knn - orb - dilated_dilated - 0.01"
150,0.9,10,11,11,0,367,0,0.0291005291005291,0.0291005291005291,1,0.0565552699228792,"feature, flann, knn - orb - dilated_dilated - 0.01"
150,0.9,20,11,11,0,367,0,0.0291005291005291,0.0291005291005291,1,0.0565552699228792,"feature, flann, knn - orb - dilated_dilated - 0.01"
