offset,threshold,correct,max_matches,true_positive,true_negative,false_positive,false_negative,accuracy,precision,recall,f1_score,extra_info
150,650,156,10,13,143,109,113,0.412698412698413,0.10655737704918,0.103174603174603,0.104838709677419,"feature, flann, threshold - sift - dilated_1px - 0.05"
150,650,156,20,13,143,109,113,0.412698412698413,0.10655737704918,0.103174603174603,0.104838709677419,"feature, flann, threshold - sift - dilated_1px - 0.05"
