offset,threshold,correct,max_matches,true_positive,true_negative,false_positive,false_negative,accuracy,precision,recall,f1_score,extra_info
100,30,20,10,18,2,358,0,0.0529100529100529,0.0478723404255319,1,0.0913705583756345,"feature, flann, threshold - orb - dilated_1px - 0.01"
100,30,20,20,18,2,358,0,0.0529100529100529,0.0478723404255319,1,0.0913705583756345,"feature, flann, threshold - orb - dilated_1px - 0.01"
100,42,18,10,18,0,360,0,0.0476190476190476,0.0476190476190476,1,0.0909090909090909,"feature, flann, threshold - orb - dilated_1px - 0.01"
100,42,18,20,18,0,360,0,0.0476190476190476,0.0476190476190476,1,0.0909090909090909,"feature, flann, threshold - orb - dilated_1px - 0.01"
150,25,7,10,7,0,371,0,0.0185185185185185,0.0185185185185185,1,0.0363636363636364,"feature, flann, threshold - orb - dilated_1px - 0.01"
150,25,7,20,7,0,371,0,0.0185185185185185,0.0185185185185185,1,0.0363636363636364,"feature, flann, threshold - orb - dilated_1px - 0.01"
150,40,7,10,7,0,371,0,0.0185185185185185,0.0185185185185185,1,0.0363636363636364,"feature, flann, threshold - orb - dilated_1px - 0.01"
150,40,7,20,7,0,371,0,0.0185185185185185,0.0185185185185185,1,0.0363636363636364,"feature, flann, threshold - orb - dilated_1px - 0.01"
