offset,threshold,correct,max_matches,true_positive,true_negative,false_positive,false_negative,accuracy,precision,recall,f1_score,extra_info
100,0.9,10,89,88,1,289,0,0.235449735449735,0.23342175066313,1,0.378494623655914,"feature, brute, knn - orb - dilated_dilated - 0.05"
100,0.9,20,89,88,1,289,0,0.235449735449735,0.23342175066313,1,0.378494623655914,"feature, brute, knn - orb - dilated_dilated - 0.05"
150,0.9,10,71,71,0,307,0,0.187830687830688,0.187830687830688,1,0.316258351893096,"feature, brute, knn - orb - dilated_dilated - 0.05"
150,0.9,20,71,71,0,307,0,0.187830687830688,0.187830687830688,1,0.316258351893096,"feature, brute, knn - orb - dilated_dilated - 0.05"
