offset,threshold,correct,max_matches,true_positive,true_negative,false_positive,false_negative,accuracy,precision,recall,f1_score,extra_info
100,32,22,10,20,2,356,0,0.0582010582010582,0.0531914893617021,1,0.101010101010101,"feature, flann, threshold - orb - 1px_1px - 0.01"
100,32,22,20,20,2,356,0,0.0582010582010582,0.0531914893617021,1,0.101010101010101,"feature, flann, threshold - orb - 1px_1px - 0.01"
150,20,12,10,10,2,366,0,0.0317460317460317,0.0265957446808511,1,0.0518134715025907,"feature, flann, threshold - orb - 1px_1px - 0.01"
150,20,12,20,10,2,366,0,0.0317460317460317,0.0265957446808511,1,0.0518134715025907,"feature, flann, threshold - orb - 1px_1px - 0.01"
150,25,10,10,10,0,368,0,0.0264550264550265,0.0264550264550265,1,0.0515463917525773,"feature, flann, threshold - orb - 1px_1px - 0.01"
150,25,10,20,10,0,368,0,0.0264550264550265,0.0264550264550265,1,0.0515463917525773,"feature, flann, threshold - orb - 1px_1px - 0.01"
