offset,threshold,correct,max_matches,true_positive,true_negative,false_positive,false_negative,accuracy,precision,recall,f1_score,extra_info
100,0.9,10,102,88,14,276,0,0.26984126984127,0.241758241758242,1,0.389380530973451,"feature, brute, knn - orb - dilated_1px - 0.05"
100,0.9,20,102,88,14,276,0,0.26984126984127,0.241758241758242,1,0.389380530973451,"feature, brute, knn - orb - dilated_1px - 0.05"
150,0.9,10,70,66,4,308,0,0.185185185185185,0.176470588235294,1,0.3,"feature, brute, knn - orb - dilated_1px - 0.05"
150,0.9,20,70,66,4,308,0,0.185185185185185,0.176470588235294,1,0.3,"feature, brute, knn - orb - dilated_1px - 0.05"
